<?xml version="1.0" encoding="UTF-8"?>
<project-private xmlns="http://www.netbeans.org/ns/project-private/1">
    <editor-bookmarks xmlns="http://www.netbeans.org/ns/editor-bookmarks/2" lastBookmarkId="0"/>
    <open-files xmlns="http://www.netbeans.org/ns/projectui-open-files/2">
        <group>
            <file>file:/C:/Users/frede/OneDrive/Escritorio/PROYECTO%20COMPLETO%20MOVIESHOP/MovieShop/web/Promocion.jsp</file>
            <file>file:/C:/Users/frede/OneDrive/Escritorio/PROYECTO%20COMPLETO%20MOVIESHOP/MovieShop/web/Cesta.jsp</file>
            <file>file:/C:/Users/frede/OneDrive/Escritorio/PROYECTO%20COMPLETO%20MOVIESHOP/MovieShop/web/PrincipalAdmin.jsp</file>
            <file>file:/C:/Users/frede/OneDrive/Escritorio/PROYECTO%20COMPLETO%20MOVIESHOP/MovieShop/web/Producto.jsp</file>
            <file>file:/C:/Users/frede/OneDrive/Escritorio/PROYECTO%20COMPLETO%20MOVIESHOP/MovieShop/web/Google.jsp</file>
            <file>file:/C:/Users/frede/OneDrive/Escritorio/PROYECTO%20COMPLETO%20MOVIESHOP/MovieShop/web/DetallePromocion.jsp</file>
            <file>file:/C:/Users/frede/OneDrive/Escritorio/PROYECTO%20COMPLETO%20MOVIESHOP/MovieShop/web/Peliculas.jsp</file>
            <file>file:/C:/Users/frede/OneDrive/Escritorio/PROYECTO%20COMPLETO%20MOVIESHOP/MovieShop/web/TipoTarjeta.jsp</file>
            <file>file:/C:/Users/frede/OneDrive/Escritorio/PROYECTO%20COMPLETO%20MOVIESHOP/MovieShop/web/DetallePago.jsp</file>
            <file>file:/C:/Users/frede/OneDrive/Escritorio/PROYECTO%20COMPLETO%20MOVIESHOP/MovieShop/web/Proveedores.jsp</file>
            <file>file:/C:/Users/frede/OneDrive/Escritorio/PROYECTO%20COMPLETO%20MOVIESHOP/MovieShop/web/Usuarios.jsp</file>
            <file>file:/C:/Users/frede/OneDrive/Escritorio/PROYECTO%20COMPLETO%20MOVIESHOP/MovieShop/web/AgregarUsuarios.jsp</file>
            <file>file:/C:/Users/frede/OneDrive/Escritorio/PROYECTO%20COMPLETO%20MOVIESHOP/MovieShop/web/Resena.jsp</file>
            <file>file:/C:/Users/frede/OneDrive/Escritorio/PROYECTO%20COMPLETO%20MOVIESHOP/MovieShop/web/index.jsp</file>
            <file>file:/C:/Users/frede/OneDrive/Escritorio/PROYECTO%20COMPLETO%20MOVIESHOP/MovieShop/web/Principal.jsp</file>
            <file>file:/C:/Users/frede/OneDrive/Escritorio/PROYECTO%20COMPLETO%20MOVIESHOP/MovieShop/web/Facebook.jsp</file>
            <file>file:/C:/Users/frede/OneDrive/Escritorio/PROYECTO%20COMPLETO%20MOVIESHOP/MovieShop/web/Pago.jsp</file>
            <file>file:/C:/Users/frede/OneDrive/Escritorio/PROYECTO%20COMPLETO%20MOVIESHOP/MovieShop/web/TablaServicioCliente.jsp</file>
        </group>
    </open-files>
</project-private>
