<?xml version="1.0" encoding="UTF-8"?>
<project-private xmlns="http://www.netbeans.org/ns/project-private/1">
    <editor-bookmarks xmlns="http://www.netbeans.org/ns/editor-bookmarks/2" lastBookmarkId="0"/>
    <open-files xmlns="http://www.netbeans.org/ns/projectui-open-files/2">
        <group>
            <file>file:/C:/Users/50242/Desktop/Proyecto%20JavaEE/MovieShop/web/index.jsp</file>
            <file>file:/C:/Users/50242/Desktop/Proyecto%20JavaEE/MovieShop/src/java/controlador/Validar.java</file>
            <file>file:/C:/Users/50242/Desktop/Proyecto%20JavaEE/MovieShop/src/java/controlador/Controlador.java</file>
        </group>
    </open-files>
</project-private>
