<?xml version="1.0" encoding="UTF-8"?>
<project-private xmlns="http://www.netbeans.org/ns/project-private/1">
    <editor-bookmarks xmlns="http://www.netbeans.org/ns/editor-bookmarks/2" lastBookmarkId="0"/>
    <open-files xmlns="http://www.netbeans.org/ns/projectui-open-files/2">
        <group>
            <file>file:/C:/Users/frede/OneDrive/Escritorio/Proyecto%20MovieShop/MovieShop/web/Principal.jsp</file>
            <file>file:/C:/Users/frede/OneDrive/Escritorio/Proyecto%20MovieShop/MovieShop/web/Programadores.jsp</file>
            <file>file:/C:/Users/frede/OneDrive/Escritorio/Proyecto%20MovieShop/MovieShop/web/Proveedores.jsp</file>
            <file>file:/C:/Users/frede/OneDrive/Escritorio/Proyecto%20MovieShop/MovieShop/web/CSS/Programadores.js</file>
            <file>file:/C:/Users/frede/OneDrive/Escritorio/Proyecto%20MovieShop/MovieShop/web/Cesta.jsp</file>
            <file>file:/C:/Users/frede/OneDrive/Escritorio/Proyecto%20MovieShop/MovieShop/web/CSS/Principal.css</file>
            <file>file:/C:/Users/frede/OneDrive/Escritorio/Proyecto%20MovieShop/MovieShop/web/CSS/Peliculas.css</file>
            <file>file:/C:/Users/frede/OneDrive/Escritorio/Proyecto%20MovieShop/MovieShop/web/Peliculas.jsp</file>
            <file>file:/C:/Users/frede/OneDrive/Escritorio/Proyecto%20MovieShop/MovieShop/web/CSS/Programadores.css</file>
        </group>
    </open-files>
</project-private>
